<?xml version="1.0" encoding="UTF-8"?>

<beans
	xsi:schemaLocation="http://www.springframework.org/schema/mvc http://www.springframework.org/schema/mvc/spring-mvc-4.0.xsd http://www.springframework.org/schema/beans http://www.springframework.org/schema/beans/spring-beans.xsd http://www.springframework.org/schema/context http://www.springframework.org/schema/context/spring-context-4.0.xsd http://www.springframework.org/schema/aop http://www.springframework.org/schema/aop/spring-aop-4.0.xsd http://www.springframework.org/schema/tx http://www.springframework.org/schema/tx/spring-tx-4.0.xsd"
	xmlns:mvc="http://www.springframework.org/schema/mvc" xmlns:tx="http://www.springframework.org/schema/tx"
	xmlns:aop="http://www.springframework.org/schema/aop" xmlns:context="http://www.springframework.org/schema/context"
	xmlns:xsi="http://www.w3.org/2001/XMLSchema-instance" xmlns="http://www.springframework.org/schema/beans">

	<context:annotation-config />

	<context:component-scan base-package="com.nucleus" />

	<context:annotation-config />

	<mvc:annotation-driven />

	<bean
		class="org.springframework.web.servlet.view.InternalResourceViewResolver">
		<property value="WEB-INF/view/" name="prefix" />
		<property value=".jsp" name="suffix" />
	</bean>

	<!-- <bean class="org.springframework.jdbc.datasource.DriverManagerDataSource" 
		id="dataSource" scope="singleton"> <property value="oracle.jdbc.driver.OracleDriver" 
		name="driverClassName"/> <property value="jdbc:oracle:thin:@10.1.50.198:1521:orcl" 
		name="url"/> <property value="sh" name="username"/> <property value="sh" 
		name="password"/> </bean> -->

	<!-- <bean scope="singleton" class="org.springframework.jdbc.datasource.DriverManagerDataSource" 
		id="dataSource"> <property value="${jdbc.driverClassName}" name="driverClassName" 
		/> <property value="${jdbc.url}" name="url" /> <property value="${jdbc.username}" 
		name="username" /> <property value="${jdbc.password}" name="password" /> 
		</bean> -->

	<!-- <bean class="org.springframework.beans.factory.config.PropertyPlaceholderConfigurer">
		<property name="locations" value="/WEB-INF/dbProperty/connection.properties"/>    
    </bean> -->
    <bean
		class="org.springframework.beans.factory.config.PropertyPlaceholderConfigurer">
		<property name="Locations" value="/WEB-INF/dbProperty/db.properties"></property>
	</bean>
	<bean id="jdbctemplate" class="org.springframework.jdbc.core.JdbcTemplate">
		<property name="dataSource" ref="dataSource"></property>
	</bean>
	<!-- <bean id="ds" class="org.springframework.jdbc.datasource.DriverManagerDataSource"> -->
	<bean id="dataSource" class="org.apache.commons.dbcp.BasicDataSource">
		<property name="username" value="${jdbc.username}"></property>
		<property name="password" value="${jdbc.password}"></property>
		<property name="url" value="${jdbc.url}"></property>
		<property name="driverClassName" value="${jdbc.driverClassName}"></property>
		<property name="initialSize" value="${initialPoolSize}" />
		<property name="maxIdle" value="${minPoolSize}" />
		<property name="minIdle" value="${maxPoolSize}" />
		<property name="maxWait" value="${maxIdleTime}" />

	</bean>
	<mvc:resources mapping="/resources/**" location="/resources/"
		/>  <!-- cache-period="31556926"  -->


	<bean class="org.springframework.orm.hibernate4.LocalSessionFactoryBean"
		id="sessionFactory">
		<property name="dataSource" ref="dataSource" />
		<property name="packagesToScan">
			<list>
				<value>com.nucleus.model.persistence.entity</value>
			</list>
		</property>
		<property name="hibernateProperties">
			<props>
				<prop key="hibernate.hbm2ddl.auto">update</prop>
				<prop key="hibernate.dialect">org.hibernate.dialect.OracleDialect</prop>
				<prop key="hibernate.show_sql">true</prop>
				<prop key="hibernate.format_sql">true</prop>
			</props>
		</property>
	</bean>

	<tx:annotation-driven transaction-manager="transactionManager" />

	<bean class="org.springframework.orm.hibernate4.HibernateTransactionManager"
		id="transactionManager">
		<property name="sessionFactory" ref="sessionFactory" />
	</bean>


	<bean id="messageSource"
		class="org.springframework.context.support.ReloadableResourceBundleMessageSource">
		<property name="basenames">
			<list>
				<value>/WEB-INF/messages/message</value>
			</list>
		</property>
	</bean>

</beans>