<?xml version="1.0"?>
<beans xsi:schemaLocation="http://www.springframework.org/schema/security http://www.springframework.org/schema/security/spring-security-3.2.xsd http://www.springframework.org/schema/beans http://www.springframework.org/schema/beans/spring-beans.xsd http://www.springframework.org/schema/context http://www.springframework.org/schema/context/spring-context-4.0.xsd"
 xmlns:security="http://www.springframework.org/schema/security" 
 xmlns:context="http://www.springframework.org/schema/context"
  xmlns:xsi="http://www.w3.org/2001/XMLSchema-instance" 
  xmlns="http://www.springframework.org/schema/beans">
<import resource="dispatcher-servlet.xml"/>
<!-- <security:http use-expressions="true"> <security:intercept-url pattern="/**" access="isAuthenticated()"/> <security:intercept-url pattern="/checker" access="isAuthenticated()"/> <security:intercept-url pattern="/maker" access="Maker"/> this means all URL in this app will be checked if user is authenticated <security:form-login /> <security:logout logout-url="/logout" logout-success-url="/"/> the logout url we will use in JSP </security:http> -->
<security:http security="none" pattern="/login"/>
<security:http use-expressions="true">
<security:intercept-url pattern="/**" access="isAuthenticated()"/>
<security:form-login  authentication-failure-url="/login" default-target-url="/" always-use-default-target="true"  login-page="/login" ></security:form-login>
<security:logout logout-success-url="/login" logout-url="/logout"/>
</security:http>
<bean id="encoder"
	class="org.springframework.security.crypto.bcrypt.BCryptPasswordEncoder">
	<constructor-arg value="12" />
</bean> 
<!-- to disable back button -->
<bean class="org.springframework.web.servlet.mvc.method.annotation.RequestMappingHandlerAdapter">
<property value="0" name="cacheSeconds"/>
</bean>


 

<security:authentication-manager>
	<security:authentication-provider
		user-service-ref="detailService">
		<security:password-encoder ref="encoder" />
	</security:authentication-provider>
</security:authentication-manager>

</beans>